{
  "id": "1537101",
  "name": "商城",
  "font_family": "icon",
  "css_prefix_text": "icon-",
  "description": "",
  "glyphs": [
    {
      "icon_id": "779588",
      "name": "in",
      "font_class": "in",
      "unicode": "e61f",
      "unicode_decimal": 58911
    },
    {
      "icon_id": "1587553",
      "name": "盾牌",
      "font_class": "dunpai",
      "unicode": "e66a",
      "unicode_decimal": 58986
    },
    {
      "icon_id": "3064651",
      "name": "盾牌",
      "font_class": "dunpai1",
      "unicode": "e60c",
      "unicode_decimal": 58892
    },
    {
      "icon_id": "4964686",
      "name": "FaceBook",
      "font_class": "tian7_facebook",
      "unicode": "e610",
      "unicode_decimal": 58896
    },
    {
      "icon_id": "8333275",
      "name": "微信",
      "font_class": "weixin",
      "unicode": "e6f3",
      "unicode_decimal": 59123
    },
    {
      "icon_id": "9282496",
      "name": "whatsapp",
      "font_class": "whatsapp",
      "unicode": "e639",
      "unicode_decimal": 58937
    },
    {
      "icon_id": "11474219",
      "name": "all",
      "font_class": "all",
      "unicode": "e6f0",
      "unicode_decimal": 59120
    },
    {
      "icon_id": "11474220",
      "name": "bussiness-man",
      "font_class": "bussiness-man",
      "unicode": "e6ef",
      "unicode_decimal": 59119
    },
    {
      "icon_id": "11481287",
      "name": "all-fill",
      "font_class": "all-fill",
      "unicode": "e718",
      "unicode_decimal": 59160
    },
    {
      "icon_id": "11487998",
      "name": "camera switching",
      "font_class": "cameraswitching",
      "unicode": "e746",
      "unicode_decimal": 59206
    },
    {
      "icon_id": "11488024",
      "name": "Customer management",
      "font_class": "Customermanagement",
      "unicode": "e74b",
      "unicode_decimal": 59211
    },
    {
      "icon_id": "11488058",
      "name": "hot",
      "font_class": "hot",
      "unicode": "e753",
      "unicode_decimal": 59219
    },
    {
      "icon_id": "11488062",
      "name": "ipad",
      "font_class": "ipad",
      "unicode": "e754",
      "unicode_decimal": 59220
    },
    {
      "icon_id": "11488074",
      "name": "mobile-phone",
      "font_class": "mobile-phone",
      "unicode": "e759",
      "unicode_decimal": 59225
    },
    {
      "icon_id": "11488080",
      "name": "map",
      "font_class": "map",
      "unicode": "e758",
      "unicode_decimal": 59224
    },
    {
      "icon_id": "11488087",
      "name": "password",
      "font_class": "password",
      "unicode": "e75b",
      "unicode_decimal": 59227
    },
    {
      "icon_id": "11488094",
      "name": "phone",
      "font_class": "phone",
      "unicode": "e75c",
      "unicode_decimal": 59228
    },
    {
      "icon_id": "11488129",
      "name": "share",
      "font_class": "share",
      "unicode": "e764",
      "unicode_decimal": 59236
    },
    {
      "icon_id": "11488147",
      "name": "task-management",
      "font_class": "task-management",
      "unicode": "e768",
      "unicode_decimal": 59240
    },
    {
      "icon_id": "11488166",
      "name": "video",
      "font_class": "video",
      "unicode": "e76d",
      "unicode_decimal": 59245
    },
    {
      "icon_id": "11488167",
      "name": "viewlist",
      "font_class": "viewlist",
      "unicode": "e76e",
      "unicode_decimal": 59246
    },
    {
      "icon_id": "11488195",
      "name": "credit card",
      "font_class": "creditcard",
      "unicode": "e770",
      "unicode_decimal": 59248
    },
    {
      "icon_id": "11488257",
      "name": "feeds-fill",
      "font_class": "feeds-fill",
      "unicode": "e77f",
      "unicode_decimal": 59263
    },
    {
      "icon_id": "11488261",
      "name": "camera-fill",
      "font_class": "camera-fill",
      "unicode": "e77a",
      "unicode_decimal": 59258
    },
    {
      "icon_id": "11674755",
      "name": "account-fill",
      "font_class": "account-fill",
      "unicode": "e7aa",
      "unicode_decimal": 59306
    },
    {
      "icon_id": "11674925",
      "name": "home-fill",
      "font_class": "home-fill",
      "unicode": "e7ae",
      "unicode_decimal": 59310
    },
    {
      "icon_id": "12011690",
      "name": "camera",
      "font_class": "camera",
      "unicode": "e7b2",
      "unicode_decimal": 59314
    },
    {
      "icon_id": "12011695",
      "name": "favorites",
      "font_class": "favorites",
      "unicode": "e7b3",
      "unicode_decimal": 59315
    },
    {
      "icon_id": "12011696",
      "name": "order",
      "font_class": "order",
      "unicode": "e7b4",
      "unicode_decimal": 59316
    }
  ]
}
